"file","md5"
"candidates.csv","2fbd3b580f97ef2672bf7a34d8ee3cfb"
"members.csv","450305dfdc28aa6bd09e3c980beb82c6"
"model-performance.pdf","8878e5c3a130d3908feff7faad3cdcfb"
"model-performance.png","b7f55ff26039d319d30b889f507f249c"
"permutation-plan.csv","8f5b8673258a4c9304f38ddc4953d15c"
"pfi-by-class.csv","610481900d244eee5240f696cb22cc90"
"pfi-by-model.csv","ead7b515376ad68db44fb471579c187a"
"pfi-cloud.pdf","2ef89a42dd44efccfdb51beb902bf642"
"pfi-cloud.png","18614f2df7191c14ca05a3977dd71cbc"
"pfi-heatmap.pdf","7e39ab78131adac912c7c3a6a1777c4f"
"pfi-heatmap.png","9b317fb4d45764e722c536c84224e39b"
"pfi-performance.pdf","414cfb3ca73a98efdb9d112dfa174a55"
"pfi-performance.png","1e31881cbe25d3fcd4b25757eb857db9"
"pfi-permutations.csv","ba25d9d45dcb7c89dc469848397af505"
"pfi-ranks.pdf","59fabc9926b1385f3325c41b72558a51"
"pfi-ranks.png","3c1b95d120f8259b994fa48cdef109af"
"pfi-summary.csv","00f4445407bed4aba578d5c5cd57ece7"
"README.md","299b1dd98635c8df8efdf4765cc9a51d"
"run-summary.csv","0b7b630206604bc0b93f6cfa5259025c"
"search-observations.csv","f94378e97cf05d9af5fd34c424eba27f"
"search-trace.csv","09354fbb9983e5d939314e41a267d91b"
"search.pdf","8e409d524825d7e24ad8bc54f8cb0265"
"search.png","4898f93c7d2ba75c1e809d4a5c1b0bcf"
"session-info.txt","12e4795cab35d830dcd9045bffd181d6"
"simulated-data.csv","f365df9724874fa13990f100c0c2d978"
"test-predictions.csv","4ff4e810a280fdd16d56b14e23cf715a"
