"model_id","model_class","cp","minsplit","mtry","min.node.size","validation_loss","search_status","evaluated_in_search","member"
"Linear-001","Linear",NA,NA,NA,NA,0.934510129125112,"U",TRUE,TRUE
"Tree-001","Tree",1e-04,10,NA,NA,1.0338509644615,"U",FALSE,TRUE
"Tree-002","Tree",0.003,10,NA,NA,1.08142731464385,"U",TRUE,TRUE
"Tree-004","Tree",1e-04,25,NA,NA,1.09585457798915,"U",FALSE,TRUE
"Forest-001","Forest",NA,NA,1,3,0.939479760811616,"U",TRUE,TRUE
"Forest-002","Forest",NA,NA,2,3,0.835628340865457,"U",FALSE,TRUE
"Forest-003","Forest",NA,NA,4,3,0.841670863396797,"U",TRUE,TRUE
"Forest-004","Forest",NA,NA,1,10,1.01718284544666,"U",FALSE,TRUE
"Forest-005","Forest",NA,NA,2,10,0.851139381010135,"U",TRUE,TRUE
"Forest-006","Forest",NA,NA,4,10,0.853020613249745,"U",FALSE,TRUE
"Forest-008","Forest",NA,NA,2,25,0.9356379909613,"U",TRUE,TRUE
"Forest-009","Forest",NA,NA,4,25,0.911911687140786,"U",TRUE,TRUE
