"model_id","model_class","feature","importance","permutation_sd","permutation_q05","permutation_q95","n_repeats","validation_loss","baseline_loss","backend","rank"
"Linear-001","Linear","signal",18.795195929672,1.7835239272151,16.5585676330653,21.4093788029514,30,0.934510129125112,0.920090013279493,"direct_R_permutation",1
"Linear-001","Linear","proxy",-0.00665306782860479,0.00490550734051727,-0.0149836482390702,-0.000204519326975128,30,0.934510129125112,0.920090013279493,"direct_R_permutation",4
"Linear-001","Linear","modifier",0.00270470071785082,0.00100620243013369,0.000951354587764242,0.00399620427141902,30,0.934510129125112,0.920090013279493,"direct_R_permutation",2
"Linear-001","Linear","noise",0.000556142911569901,0.00561079279837391,-0.00598005895495509,0.00998715090736339,30,0.934510129125112,0.920090013279493,"direct_R_permutation",3
"Tree-001","Tree","signal",18.2458429004942,1.75090468233652,16.0335919425253,21.1139086695827,30,1.0338509644615,1.12104588848184,"direct_R_permutation",1
"Tree-001","Tree","proxy",-0.0748099444002552,0.046494786480904,-0.137786286024021,0.00927152297508624,30,1.0338509644615,1.12104588848184,"direct_R_permutation",4
"Tree-001","Tree","modifier",0.352990650817734,0.0900766748117908,0.211491901456389,0.502281511005579,30,1.0338509644615,1.12104588848184,"direct_R_permutation",2
"Tree-001","Tree","noise",0.0220421318407366,0.0632977311099482,-0.058918510752982,0.130009501189793,30,1.0338509644615,1.12104588848184,"direct_R_permutation",3
"Tree-002","Tree","signal",18.1178105920975,1.68651280704617,15.761181210927,20.636700954457,30,1.08142731464385,1.09252785079631,"direct_R_permutation",1
"Tree-002","Tree","proxy",0,0,0,0,30,1.08142731464385,1.09252785079631,"direct_R_permutation",3.5
"Tree-002","Tree","modifier",0.10219521326674,0.0502945215102225,0.0326209324551362,0.168421484372688,30,1.08142731464385,1.09252785079631,"direct_R_permutation",2
"Tree-002","Tree","noise",0,0,0,0,30,1.08142731464385,1.09252785079631,"direct_R_permutation",3.5
"Tree-004","Tree","signal",17.4757043660689,1.72474784545219,14.9876585099672,20.0152223533337,30,1.09585457798915,1.18862241040679,"direct_R_permutation",1
"Tree-004","Tree","proxy",0,0,0,0,30,1.09585457798915,1.18862241040679,"direct_R_permutation",4
"Tree-004","Tree","modifier",0.267025860625833,0.0737067742509273,0.155383076336496,0.379553675845802,30,1.09585457798915,1.18862241040679,"direct_R_permutation",2
"Tree-004","Tree","noise",0.00655550028553757,0.035696140423878,-0.0370919727643351,0.0606324867697461,30,1.09585457798915,1.18862241040679,"direct_R_permutation",3
"Forest-001","Forest","signal",6.78608238418633,0.675897704183569,5.86931191766959,7.82174658451133,30,0.939479760811616,1.00395861994236,"direct_R_permutation",1
"Forest-001","Forest","proxy",3.25641179812302,0.348621430886737,2.71651114374587,3.80636506477649,30,0.939479760811616,1.00395861994236,"direct_R_permutation",2
"Forest-001","Forest","modifier",0.361955305257626,0.0922665216247211,0.250912688202051,0.507049183804421,30,0.939479760811616,1.00395861994236,"direct_R_permutation",3
"Forest-001","Forest","noise",0.0565076033739898,0.0327825583734244,0.000343419835684825,0.0932214404404835,30,0.939479760811616,1.00395861994236,"direct_R_permutation",4
"Forest-002","Forest","signal",8.46300874170479,0.804835485647226,7.40505802382193,9.68990283634663,30,0.835628340865457,0.831518754281138,"direct_R_permutation",1
"Forest-002","Forest","proxy",2.47933412932414,0.295059074581402,2.00397339982327,2.90329511447072,30,0.835628340865457,0.831518754281138,"direct_R_permutation",2
"Forest-002","Forest","modifier",0.287970188572823,0.0554987241731653,0.208357973155552,0.371169375038626,30,0.835628340865457,0.831518754281138,"direct_R_permutation",3
"Forest-002","Forest","noise",0.0272758004305614,0.0242877882996887,-0.0173259412066158,0.063200267400389,30,0.835628340865457,0.831518754281138,"direct_R_permutation",4
"Forest-003","Forest","signal",17.3850787263403,1.68216284518654,15.0727950353701,19.9884048840533,30,0.841670863396797,0.79441232219481,"direct_R_permutation",1
"Forest-003","Forest","proxy",0.106421845127143,0.0203951994194005,0.081646841809231,0.13880459116332,30,0.841670863396797,0.79441232219481,"direct_R_permutation",3
"Forest-003","Forest","modifier",0.302553596696921,0.0656701330751987,0.211578207340304,0.41516703702804,30,0.841670863396797,0.79441232219481,"direct_R_permutation",2
"Forest-003","Forest","noise",0.0194390357421524,0.0295269007869082,-0.0282526908139417,0.062714990075797,30,0.841670863396797,0.79441232219481,"direct_R_permutation",4
"Forest-004","Forest","signal",5.62992653338461,0.560798947031896,4.86975784426054,6.45433319037983,30,1.01718284544666,1.06274707349907,"direct_R_permutation",1
"Forest-004","Forest","proxy",4.08610586302838,0.448799522121969,3.39424480641431,4.84096098111895,30,1.01718284544666,1.06274707349907,"direct_R_permutation",2
"Forest-004","Forest","modifier",0.361372741293787,0.0981021169566864,0.223916403043881,0.49788060002819,30,1.01718284544666,1.06274707349907,"direct_R_permutation",3
"Forest-004","Forest","noise",0.0437365364522822,0.0324889096575149,-0.0226898422622941,0.0892399359346199,30,1.01718284544666,1.06274707349907,"direct_R_permutation",4
"Forest-005","Forest","signal",9.88324254753053,0.96045791910232,8.62662159183671,11.3326587048917,30,0.851139381010135,0.873658044564065,"direct_R_permutation",1
"Forest-005","Forest","proxy",1.82407664866861,0.211025549639493,1.47526649002445,2.10065864794477,30,0.851139381010135,0.873658044564065,"direct_R_permutation",2
"Forest-005","Forest","modifier",0.250282130409363,0.0572844705362916,0.15943835212353,0.341502986572655,30,0.851139381010135,0.873658044564065,"direct_R_permutation",3
"Forest-005","Forest","noise",0.0139888807935355,0.0208886005100883,-0.0209987420096828,0.0470324265231631,30,0.851139381010135,0.873658044564065,"direct_R_permutation",4
"Forest-006","Forest","signal",17.0408991823747,1.66552958154335,14.7295860452975,19.6661701219295,30,0.853020613249745,0.825012241544647,"direct_R_permutation",1
"Forest-006","Forest","proxy",0.158901740734939,0.0172771595598006,0.136064259848096,0.18948359327104,30,0.853020613249745,0.825012241544647,"direct_R_permutation",3
"Forest-006","Forest","modifier",0.280686856635021,0.0608688461572007,0.185993191213732,0.385684515163642,30,0.853020613249745,0.825012241544647,"direct_R_permutation",2
"Forest-006","Forest","noise",0.00226820589418028,0.0285302855000702,-0.0442972687023597,0.0444959372685098,30,0.853020613249745,0.825012241544647,"direct_R_permutation",4
"Forest-008","Forest","signal",8.5157712607501,0.854790017622148,7.36590282818077,9.75040831137887,30,0.9356379909613,0.983619580284996,"direct_R_permutation",1
"Forest-008","Forest","proxy",2.34872145249214,0.266626625690715,1.93013212777844,2.74054614602908,30,0.9356379909613,0.983619580284996,"direct_R_permutation",2
"Forest-008","Forest","modifier",0.214811362194688,0.0501665126263104,0.137207594374634,0.291838074009286,30,0.9356379909613,0.983619580284996,"direct_R_permutation",3
"Forest-008","Forest","noise",0.0178332398333098,0.0166582684680225,-0.0107028393487389,0.0449767221825148,30,0.9356379909613,0.983619580284996,"direct_R_permutation",4
"Forest-009","Forest","signal",16.5547442674907,1.63970289940338,14.2376904321268,19.0013251200117,30,0.911911687140786,0.955929579325421,"direct_R_permutation",1
"Forest-009","Forest","proxy",0.154821688088721,0.014110567145281,0.135452470349608,0.17885534067443,30,0.911911687140786,0.955929579325421,"direct_R_permutation",3
"Forest-009","Forest","modifier",0.20761292082574,0.0505261826003984,0.133294350985374,0.292087062359776,30,0.911911687140786,0.955929579325421,"direct_R_permutation",2
"Forest-009","Forest","noise",0.00388056076462785,0.0207727280600963,-0.0249710807844885,0.0395415588146242,30,0.911911687140786,0.955929579325421,"direct_R_permutation",4
