"feature","model_class","n_models","minimum","q05","median","q95","maximum","positive_fraction","median_rank"
"signal","Linear",1,18.795195929672,18.795195929672,18.795195929672,18.795195929672,18.795195929672,1,1
"signal","Tree",3,17.4757043660689,17.5399149886718,18.1178105920975,18.2330396696545,18.2458429004942,1,1
"signal","Forest",8,5.62992653338461,6.03458108116521,9.19950690414031,17.2646158859523,17.3850787263403,1,1
"proxy","Forest",8,0.106421845127143,0.123361790163695,2.08639905058037,3.7957129403115,4.08610586302838,1,2
"modifier","Forest",8,0.20761292082574,0.210132375304872,0.284328522603922,0.361751407870282,0.361955305257626,1,3
"modifier","Tree",3,0.10219521326674,0.11867827800265,0.267025860625833,0.344394171798544,0.352990650817734,1,2
"noise","Forest",8,0.00226820589418028,0.00283253009883693,0.0186361377877311,0.0520377299513922,0.0565076033739898,1,4
"noise","Tree",3,0,0.000655550028553757,0.00655550028553757,0.0204934686852167,0.0220421318407366,0.666666666666667,3
"modifier","Linear",1,0.00270470071785082,0.00270470071785082,0.00270470071785082,0.00270470071785082,0.00270470071785082,1,2
"noise","Linear",1,0.000556142911569901,0.000556142911569901,0.000556142911569901,0.000556142911569901,0.000556142911569901,1,3
"proxy","Tree",3,-0.0748099444002552,-0.0673289499602297,0,0,0,0,4
"proxy","Linear",1,-0.00665306782860479,-0.00665306782860479,-0.00665306782860479,-0.00665306782860479,-0.00665306782860479,0,4
