"iteration","index","loss","acquisition","epoch","eta","beta","n_low","n_high","n_uncertain","n_minimizers","threshold_lower","threshold_upper"
1,12,0.851139381010135,6594.95067542163,1,9.8097090617831,4,0,0,16,16,-14.9008013046657,1.14903816436368
2,3,1.08142731464385,3349.35697952497,1,9.8097090617831,4,0,0,16,15,-15.7277614895151,1.14903816436368
3,6,1.19186449594586,1362.47550492908,1,9.8097090617831,4,0,1,15,14,-14.9008013046657,1.14903816436368
4,1,0.934510129125112,893.980340535745,1,9.8097090617831,4,0,1,15,13,-14.9008013046657,1.14903816436368
5,16,0.911911687140786,841.011375271179,1,9.8097090617831,4,0,1,15,12,-13.7175359884539,1.14903816436368
6,15,0.9356379909613,529.284658618584,1,9.8097090617831,4,0,1,15,11,-13.5736625027497,1.14903816436368
7,4,1.57624576549475,516.764958601357,1,9.8097090617831,4,0,2,14,10,-11.2903627649879,1.14903816436368
8,7,1.57624576549475,135.284600159061,1,9.8097090617831,4,0,3,13,9,-9.95047575365043,1.14903816436368
9,10,0.841670863396797,80.576355510314,1,9.8097090617831,4,0,3,13,8,-3.84962410543226,1.13625566558568
10,8,0.939479760811616,71.1802586183796,2,4.90485453089155,4,0,3,13,7,-2.85923869297014,1.13625566558568
