"row_id","split","signal","proxy","modifier","noise","target"
1,"training",0.0739051432407118,-0.227440069219968,0.932698336429894,-0.520161737051479,2.51107827546467
2,"validation",1.11135647540773,1.0518255900728,0.0218177950009704,1.66712956601406,3.15431341139681
3,"validation",-0.209025300570063,-0.261722103498626,0.171727474313229,1.2910135390458,-0.957108854962645
4,"training",-0.891198479636871,-1.19319715704575,-0.847339374478906,-0.247018893090337,-1.3003747723234
5,"training",-0.522403316760626,-0.21234583762618,0.888501669280231,0.763352393321285,0.878751579290142
6,"validation",1.49899551206928,1.44174634992124,0.817414625082165,0.233584031618975,5.4792214164866
7,"validation",1.1372126843164,1.25283273441831,-0.962530843447894,-1.68874743327888,5.91399107142485
8,"pfi_holdout",0.31481886025544,0.685016056618497,0.96060240548104,0.623395805183588,2.07967294202527
9,"validation",-2.230429146931,-2.01224744762287,-0.44754212256521,-0.757347018578199,-6.55215106224398
10,"validation",0.416544639904517,0.235305981555881,-0.394138750154525,-0.364528807894607,0.942902131353984
11,"validation",0.862950289144781,1.07090946930038,-0.461367383599281,-0.678634577342636,3.17422474516991
12,"training",-0.110820970346672,0.0468485919411866,0.50605931924656,0.216934483001298,0.12278044433609
13,"pfi_holdout",2.10644293358581,1.86805708421116,-0.258923287969083,-2.50191149520688,5.28593181356331
14,"pfi_holdout",0.633628681295731,0.329804801246972,0.562833135481924,-0.074375242123904,2.57269362887917
15,"pfi_holdout",-0.455198517613206,-0.581270993465757,0.442387463059276,-0.132380084439238,-1.96888840388377
16,"training",-1.25636266724488,-0.919336416130232,0.64032491017133,0.544202971404909,-2.15232532273445
17,"training",1.58491600838979,1.36400049334183,0.246575527824461,0.129902041211544,3.40541173711818
18,"validation",-0.0688278363330783,0.293744142472279,0.927023215219378,1.28087744216854,-1.48555259799587
19,"training",-0.681710876476922,-0.0830230850103785,0.432795291766524,1.11919989350499,-1.08694128087373
20,"pfi_holdout",0.330116847057042,0.74783918561794,0.948080010246485,-0.3880206901329,1.75667569001568
21,"validation",0.472447835078278,0.509102861557801,-0.170477005187422,-1.13329288868877,-0.134347971891795
22,"pfi_holdout",-1.71238308896945,-1.66499206114704,0.222833049949259,1.14140742398092,-5.57708385261443
23,"pfi_holdout",-0.0163536438186198,-0.00112094738755886,0.499240497127175,-0.964729202098697,-0.0521512609465118
24,"pfi_holdout",-0.268272141159604,0.0777407525160583,-0.726518854964525,0.89448646640765,-0.0393466659348069
25,"training",-0.311805736532264,-0.687348910121211,0.288996449206024,1.14014707327543,-0.702099109790998
26,"training",-0.692476218589415,-0.928048675006564,-0.927322941366583,1.34066307595695,-1.15862256964935
27,"pfi_holdout",0.195800392481843,0.377257568638338,-0.493441084865481,1.08172636792396,1.84081950594592
28,"pfi_holdout",2.83834657837406,3.04449208008307,-0.950439726933837,0.128735228009432,9.61196136000885
29,"validation",1.14241518835771,1.38095556218958,0.877257590647787,-0.349068784835624,4.86166101742277
30,"validation",-0.316147887808093,-0.309382273168698,0.547755440697074,1.13584632949079,-1.0358831015901
31,"training",-2.05362141939321,-1.93983980398139,-0.952146714553237,2.20336150252221,-5.24838944864748
32,"training",-0.399612725342011,-0.458630707058245,0.271919263992459,-0.85498594799528,-2.21159093977799
33,"validation",2.04706392917269,2.35423218090089,0.786340026184916,1.53805779564072,7.27748663205257
34,"training",-1.6941556156834,-1.8386448233456,-0.547963337507099,0.386993437826862,-3.87204384322934
35,"validation",0.521167626101576,0.341821715671122,0.2081687040627,0.240930452459366,1.77987330995238
36,"training",-1.28866025805017,-1.36753496681891,-0.748739715665579,-3.14814639078232,-3.17659455664107
37,"training",-0.386735438417425,-0.245702171294392,-0.878048271406442,0.680414776967376,0.484808753740859
38,"pfi_holdout",-0.476226848066162,-0.674052070054916,-0.947296783328056,0.223937075571091,-0.0461488979678532
39,"validation",0.373097110063267,0.422155734983669,-0.146221956238151,0.0458227761717242,0.492693872740872
40,"pfi_holdout",-0.216384858751171,-0.411271751876235,0.713824292644858,0.346002315700371,-0.907782893786375
41,"pfi_holdout",0.0404227991801448,0.0183965753407384,0.383083022665232,-0.211168748303729,1.14931339150437
42,"pfi_holdout",0.198847564311921,0.193579924805837,-0.890001337975264,-2.10647340831541,0.998294238701083
43,"validation",2.09395849745875,2.09331503402301,-0.347749863751233,0.568258911184072,6.96483796112314
44,"validation",0.83333932270626,0.86251974411933,-0.670140199363232,0.0575960528725214,3.44522091108388
45,"validation",-0.370143015095864,-0.416747731452476,-0.567867320496589,-0.000761885363228879,-0.686219214471022
46,"training",-0.0607416209295507,-0.195495987027869,0.850857270415872,-0.0788340510368622,1.16679717292525
47,"pfi_holdout",-0.157923561187289,-0.558803536905398,0.282714148517698,0.0307090487993402,0.554037553657706
48,"validation",0.146489549021947,-0.137680217490056,0.260230757761747,-2.43825816949233,0.103921526652141
49,"training",-0.55097374401058,-0.614898308037437,-0.0431730193085968,0.530321152625041,-1.24858258571231
50,"pfi_holdout",-0.299519192003516,-0.245691678860713,-0.703469365369529,1.8818985816726,-0.300639038194915
51,"training",-1.04812201067861,-0.659653043615147,0.559375929180533,1.34017283224252,-3.85432965362103
52,"training",-0.666434451625756,-0.693545620683798,-0.540414395742118,-1.39513722185083,-0.796972127238647
53,"training",-0.163185473734969,-0.449654133031352,-0.896850192919374,0.19487799149808,0.69731925230727
54,"pfi_holdout",-0.995673217429328,-1.25272390723585,0.924656274728477,0.581841244793601,-2.43268810283978
55,"pfi_holdout",1.02335316030326,0.956349776127897,-0.367252417374402,-2.07652495830056,4.54676038015671
56,"validation",0.292062707463497,0.286823810920265,-0.819237060844898,-0.27682095672051,2.33796066827936
57,"training",0.393919456465031,0.711339685614188,0.109006761573255,-0.436504079018338,0.795415401329656
58,"validation",1.06326216973667,0.834643302366452,0.733450548257679,1.92482507213957,4.79437527021177
59,"validation",-0.191260144726754,-0.313703558795214,0.983412404544652,1.67338033314243,1.86129355890327
60,"training",0.0103840242801391,-0.0749832037034503,0.375368584878743,0.419875276175713,-1.12591840134882
61,"training",1.37553591606695,1.28399198156263,0.574861493427306,0.43159430217774,2.57521502408911
62,"training",0.649380000148282,1.22682213248194,0.301110918167979,-0.863599508406728,1.63108434391704
63,"training",-3.04742153783472,-3.04125848748275,-0.0831544073298573,-0.349512664807971,-10.3866867645627
64,"training",-0.357935215262725,-0.191896717296169,-0.482866596896201,1.45067207730717,-0.347570175304378
65,"training",0.983486678200139,0.77413884404996,0.513473178260028,-0.663828818409838,2.95061767646171
66,"pfi_holdout",-0.462301871232652,-0.531971602607837,-0.824527954682708,0.533548498587174,-0.350818987418873
67,"training",0.0210961718046877,-0.298234133870842,0.041752340272069,-1.25913540804131,0.527223101646609
68,"validation",0.793803515540182,0.70361963928683,-0.874689926858991,0.240472573185964,3.34844285431399
69,"pfi_holdout",-2.86425776760968,-2.78157782590268,0.0428482154384255,-1.06393327836881,-9.23867869260853
70,"validation",-0.718931326603952,-0.565534427582978,-0.308335633948445,-1.50143107048682,-2.6457203506985
71,"training",1.92711364604436,1.86632698717327,0.492298277560622,1.58205914377758,6.51756327313144
72,"training",-0.950702957426239,-0.995515484985121,0.671893448103219,-1.54388011102716,-1.25734958797607
73,"validation",-0.52860576007048,-0.41080301737861,-0.156310940161347,-0.142225699596884,-3.2119189993981
74,"training",-1.23371601616157,-1.39046213548759,0.100217784289271,0.597047454168526,-3.73752474520816
75,"training",-1.11727819355007,-0.797860204615362,-0.750339008867741,0.579395511087732,-2.03302375596318
76,"validation",-0.500294231673194,-0.162398905061891,-0.5514099993743,-0.870453576640159,-0.885602677160694
77,"training",0.314966011774676,0.237714333951048,0.365113175939769,-0.439196845802898,0.884524070287606
78,"training",-1.1603059401952,-1.45850052997389,0.0291316788643599,0.571183284517075,-2.40500729700133
79,"training",-0.724490466656785,-0.828870123771302,0.942567679099739,-0.365069222848939,-1.1040369727225
80,"training",-0.722855101253585,-0.863182911716892,-0.949278800748289,0.175890753092624,-0.368910206610415
81,"validation",-1.28337135653533,-1.00623924371536,-0.450694770552218,0.205249280571664,-3.99086384298251
82,"training",-0.603490550530263,-0.520780936235041,-0.582359503023326,0.398928285786847,-0.157783094763909
83,"training",-0.049352437002039,-0.217270370142013,-0.0262897363863885,1.31770525556452,-0.0349364430590164
84,"training",-1.05156845215621,-1.15748719042454,-0.688425056636333,1.19401294858314,-2.42617794919087
85,"validation",-0.565302560272953,-0.488955521921558,0.979632575064898,-0.218296152943031,-0.357178048284283
86,"validation",-1.08865291460807,-1.35665417351646,-0.377260658890009,0.215752440577952,-1.98472486314439
87,"training",0.781035564093209,0.667052006768163,-0.65969877736643,-0.469943878379373,3.6109922144897
88,"training",-0.190729034498862,-0.489958291617797,0.955775605514646,-0.955281040359771,0.284612755910684
89,"pfi_holdout",0.219771289782043,0.36869842983698,-0.299294301308692,0.0908365711649806,0.165190273374985
90,"training",1.68124044658106,1.85148075258619,-0.838498486205935,0.0458979798867129,6.12131714473534
91,"training",0.0351448748767446,-0.0885856842695128,0.211923930794001,-0.602495343843592,0.99631564223168
92,"pfi_holdout",-2.40935227311894,-2.3734608110019,-0.213816470932215,1.70515791120696,-6.13016189825735
93,"training",-0.656754337460289,-0.687277036145832,0.716301437932998,0.386262957700695,-1.57443517919849
94,"training",-2.14075207197212,-2.23984809986946,0.836818803567439,0.613720374111889,-6.12889458354215
95,"pfi_holdout",-0.673034894321068,-0.563966416377618,0.394827725365758,0.365762280785116,-0.112005500998193
96,"validation",-0.399657091902618,-0.404887144099104,0.0179872578009963,-0.712572198293935,-2.96370107411644
97,"pfi_holdout",0.00470118307147944,0.158920799338759,0.851323706563562,0.0609454622447944,0.749395038007639
98,"validation",0.686630562079829,1.1518656569899,-0.612002404406667,0.477428466364926,2.17001346752829
99,"training",-1.85015779305181,-1.93290041247624,-0.340851635206491,1.56271552260102,-5.1809468094246
100,"pfi_holdout",1.05411264308802,1.27238124712647,0.160699020605534,-2.3691870712187,2.58181908387238
101,"training",-0.0775575594256536,-0.262497171424934,0.0848915674723685,1.7789440095133,0.795182337994622
102,"pfi_holdout",-0.0306602226378979,-0.188443515765206,-0.104497524909675,-0.738711054845437,-1.271316008719
103,"pfi_holdout",-0.743185800322324,-0.742147197483807,-0.440639202482998,-0.986529265010647,-0.604522523904995
104,"training",1.03448239767397,1.38277307692294,0.756000625435263,-1.11697495365549,3.24082050825257
105,"training",0.322743941849824,0.77675922136679,0.112143090460449,1.63806537727515,0.303506995863118
106,"training",-1.07818914559702,-0.671052566652962,0.581065969541669,-1.38998986761246,-3.27238841525774
107,"training",-0.074911984179695,0.248044983814592,0.143409284297377,-1.35505777295918,0.854569221468581
108,"validation",-0.84463846267348,-1.12863374522303,0.36133993929252,-0.939564219264971,-1.76475569851121
109,"validation",-1.51279949134557,-1.48224108506807,-0.327533331699669,2.07214521302029,-4.31824433580123
110,"training",0.510547406508543,0.596412405803358,-0.10439322469756,-0.358041145381308,0.606827205508831
111,"validation",0.337792832861631,-0.191029802058546,0.774916257243603,-1.22232126286132,2.97003550344118
112,"training",-0.681364520845971,-1.19169190619255,0.770449687261134,1.44892672376553,-1.38985048395518
113,"training",0.845220597596603,0.883121379779072,0.969185443595052,-0.253649292856567,3.78429135811803
114,"training",1.05336765445919,1.43720693837671,0.272637358400971,-0.598032456548998,3.21004451321129
115,"training",-0.678008805130485,-0.592945342595408,-0.803199243266135,0.625294597243828,-1.072582426612
116,"training",1.52506661299864,0.835515657661684,0.552911897189915,-0.00455532671952354,4.77577125073635
117,"pfi_holdout",1.12208771014272,0.29552003250086,-0.723804934881628,0.363477064748472,4.74228576516946
118,"training",-1.46899068172566,-1.64773547488854,-0.392376048024744,0.0925296065406339,-5.63737904271373
119,"validation",0.144420006448401,-0.0717309774067523,0.737305148970336,0.570410775141333,0.901042615444915
120,"validation",-1.21633829123875,-0.886395074861806,0.393772176932544,1.53511949138169,-3.30090120341649
121,"pfi_holdout",1.06163965771678,1.06881552028121,0.192557284142822,3.29940857056228,2.57669448525625
122,"validation",-1.34998132764012,-1.08604581046635,0.312883566599339,0.0434548549466112,-4.1135826361203
123,"validation",0.45249211993994,0.470344481058147,-0.0586977363564074,-0.563004486749654,2.60349201897967
124,"validation",0.143651284881994,0.272987895690946,-0.737354682292789,-0.0136554351343444,3.65741484148547
125,"validation",0.11378787007121,0.0845267791543396,0.290875671431422,-1.40032738302789,-0.408939531965183
126,"training",0.319052703574887,-0.0833023636731584,-0.301715324632823,-0.454110961357773,1.52973991396774
127,"pfi_holdout",-0.439787778638722,-0.845652669916458,0.554444896057248,0.0350300795678405,-1.89119626314461
128,"pfi_holdout",0.11221975845014,0.143080268778987,0.0740253538824618,1.05527656955635,1.11214859268409
129,"pfi_holdout",-0.514466351869956,-0.598606207086408,0.84139098552987,-0.794409517243597,-0.117481027430557
130,"validation",-1.49260361629678,-1.28733132234275,0.844340213108808,0.935988532338239,-2.10246802077692
131,"training",-1.45914696794181,-1.55565162526233,0.970290920697153,-0.0552331752917717,-2.41375219733062
132,"training",0.855745348313354,0.57798300320265,0.556742915417999,1.11424975769732,3.03037199544812
133,"validation",-0.810690852278777,-1.1165183144714,-0.987548375502229,-1.15751134372863,-1.16404710900271
134,"validation",0.211323128398992,0.398873096792369,-0.401704101357609,-1.28648834324232,1.1961341868996
135,"training",0.481040711804081,0.516585554252187,-0.347067976836115,-0.619315987880643,2.11384997432981
136,"training",-1.03294632531356,-1.66373384772942,-0.0200965469703078,0.805850525324655,-3.75779320195701
137,"pfi_holdout",0.208079856446347,0.0061407219679098,0.118245179299265,-1.1250951586009,0.906210491024409
138,"pfi_holdout",-0.352003214063084,-0.410213544816637,0.493968374561518,-0.015613402028389,-0.85416170087002
139,"training",0.783742594376527,0.611911310186291,-0.770839860662818,-0.148452688188602,4.05135231976112
140,"pfi_holdout",-0.0912075922015733,-0.631222512063856,-0.535022948868573,0.0340096550524797,1.22028363417434
141,"validation",-0.415114962417877,-0.155416763299513,0.49946208903566,-0.579848534156775,-0.52962018103646
142,"training",-0.162005519794001,-0.145499056839636,0.39721353026107,-0.357322012893801,0.205053803303974
143,"validation",1.23842293310026,1.42487080583236,0.0595393972471356,-2.49642671495755,4.53845801942218
144,"training",0.329858678241534,-0.0775577638437259,-0.181702761910856,-1.72329721123908,0.846391291130988
145,"pfi_holdout",-1.27991641199101,-1.24363240825867,-0.38195615215227,0.297460885904616,-2.83849891119071
146,"training",0.167067886617809,-0.268559312506408,0.0686681070365012,1.95081916837982,-0.138124718101107
147,"pfi_holdout",-0.455742069453442,-0.441895790966752,-0.739840675145388,0.187925215335232,-0.216014200179295
148,"pfi_holdout",0.700256435714551,0.845323696745777,0.310985875315964,-0.180203423126882,2.69117852844783
149,"training",-1.09086680276366,-0.829666499722526,-0.623870129231364,0.186180155116955,-2.17583907219275
150,"training",-0.0811825630999995,0.0801108755100107,0.789949638769031,-0.660959183908418,1.05023303093634
151,"training",-1.43758172032394,-1.38808552010045,-0.106309011112899,0.493418050146907,-5.3296520665289
152,"validation",-0.39920885137487,-0.418823323137679,-0.943569225724787,0.0840404010614146,1.21223726522715
153,"validation",-0.488833707669137,-0.564861542222994,-0.354361941572279,0.474179053731011,-1.31859108176893
154,"pfi_holdout",-0.582556473962621,-0.475347722119769,-0.389576439280063,0.0544490362761254,-2.15489205321238
155,"training",-0.900241900751649,-0.746348225203027,0.757074963767081,-1.40166626001943,-1.42326360771745
156,"pfi_holdout",-0.126262946423783,-0.387222725842885,-0.81311420770362,0.131412442904695,0.272733748842941
157,"training",0.839383014752013,0.968217177591662,0.917481498327106,0.258639018717572,3.26198705663146
158,"validation",-0.812186085038925,-0.730802143972009,0.542407587170601,-1.14448853157826,-1.69637461124624
159,"training",-1.25939767343818,-1.14729644292726,0.406800316646695,0.875058349425536,-4.73676731132911
160,"pfi_holdout",-1.69308867061513,-1.78594597787499,-0.944632842671126,0.650451202147117,-3.91858335989984
161,"pfi_holdout",-0.677580511148888,-0.601738241719543,-0.970975425094366,-0.161990339378753,0.474445963257484
162,"validation",0.328443965736696,0.60077676098299,0.0615136357955635,0.80070056262046,1.24324884697594
163,"training",-0.188369447516907,-0.456465368886528,-0.032218795735389,1.92540022718721,-0.245561242486673
164,"validation",-0.824368246500884,-1.01692643925636,-0.756612712051719,-0.702763254570113,-1.08304557924133
165,"pfi_holdout",-0.0643604403918378,-0.323718139287546,-0.314240300562233,-0.68678632450945,-0.694788846057699
166,"training",1.61349563838142,1.32434695228414,0.0403729039244354,1.22496759873043,5.32949432939363
167,"pfi_holdout",0.459179415069749,0.560844463248124,-0.0632202969864011,1.19586061524332,0.990367401318738
168,"training",1.41965847420899,1.39579559518768,-0.807300563436002,1.75816758885506,5.0402784039747
169,"training",-0.849276590802769,-0.775196837087705,0.508731885347515,-0.702312003048146,-4.05636333644817
170,"training",-1.59652428491824,-1.31844936382429,0.874104903079569,0.235419536236575,-2.83691654195061
171,"pfi_holdout",-0.922791262916794,-1.20986303849215,0.754712973255664,0.745841711579434,-1.24868354708239
172,"pfi_holdout",1.33316728906181,1.27246770852678,0.143616063520312,1.50356848763799,4.0547586824495
173,"training",1.71522940050378,1.78299578795526,0.450541558209807,-2.09791495152864,5.3759946110514
174,"validation",-1.53050631510499,-1.64255446680484,0.137431139592081,0.863198389753405,-3.84598022300283
175,"training",-0.0218793448606539,0.524568848462104,0.62525693885982,2.19346476070572,-0.145517382548378
176,"pfi_holdout",-0.586800092305317,-0.942904431381094,0.019028440117836,-0.133728958400981,-1.80191381280747
177,"pfi_holdout",0.308320612976745,0.742438860496663,-0.24870983324945,0.302638061294315,1.54902544115679
178,"training",-0.588223410439544,-1.01470711329564,0.596863971091807,0.28355815828198,-1.37547439381621
179,"pfi_holdout",-1.06757857854622,-1.34565032160546,0.890462112613022,-0.638677340369485,-1.99727617356993
180,"validation",-0.827928160401422,-0.692998464951579,-0.128864932339638,1.03169846617702,-2.25694467339101
181,"pfi_holdout",0.682091910886603,0.544808362780364,-0.784025841392577,-0.167081249809976,3.36362395364133
182,"validation",-0.866236622069457,-1.02587536800987,0.587387870531529,-0.0582097768667906,-3.91825216940342
183,"pfi_holdout",0.442338871531213,0.492881068909332,0.476351637858897,1.64106743228783,1.5716945596791
184,"pfi_holdout",-1.19598683221535,-1.05904881349448,0.58217287575826,1.21132628819103,-2.47455772460297
185,"pfi_holdout",1.20466501359029,1.49311642966223,-0.948989343363792,1.22108174108004,3.59408800147414
186,"pfi_holdout",1.63758136091187,1.67763406792932,-0.959233889821917,-1.78669654191877,7.1339905424531
187,"pfi_holdout",-0.732065906988432,-0.856469510524093,-0.904724412132055,-0.515295343560717,-0.780175850134609
188,"validation",-1.81679638540326,-1.77300840855175,-0.419406434055418,-1.04354915502908,-5.34105411551352
189,"pfi_holdout",0.701544534455921,0.566740572429839,-0.865327139385045,-0.536291971009494,2.44813397611932
190,"training",-1.93298056723398,-2.06740908155248,-0.627282819710672,0.236709014613616,-3.79699869181221
191,"validation",-0.871696747047345,-0.941816818211496,0.332397227175534,0.111835642256391,-2.61713113188205
192,"validation",1.21353907814502,1.01425005252227,-0.258846823126078,1.61517433606964,3.67684157313631
193,"training",0.57043210404916,0.999500071783455,0.723941652104259,0.0611969310836912,4.01704077443467
194,"training",-0.886820196984513,-1.36138075045286,-0.803050214890391,0.197501566061521,-1.25071725074914
195,"pfi_holdout",2.41122742290121,2.62925096701269,0.401442578528076,0.237122592541343,7.40265766304212
196,"pfi_holdout",-0.616720076115316,-0.530278896996677,0.140820373781025,-1.6797151655632,-2.65091150576584
197,"pfi_holdout",1.07355931316814,0.867299505194788,-0.032780340872705,0.875607532777433,2.76771204961254
198,"pfi_holdout",0.902854345191439,0.619509510961998,-0.327614802867174,1.30765106716754,2.37178661051213
199,"validation",-0.135193087414584,-0.442597856984926,0.893466066103429,0.411953313699307,0.740460650850815
200,"training",0.345525799268848,0.142500801912467,-0.0681053539738059,0.606720532659255,0.793990912040932
201,"validation",-0.673766606580932,-0.802248941379182,0.529308636672795,-1.2840989815454,-1.30752158714402
202,"training",-1.87399145412601,-2.13802172463541,-0.4990732264705,-0.904226251230814,-3.88534865875057
203,"validation",0.0871246553734331,0.389716378421733,-0.0362666244618595,2.49330815875243,-0.839942403881161
204,"training",1.77296399439268,2.25798649385255,0.441163991577923,-2.10630559548856,3.82848100769909
205,"training",-0.313925771920918,-0.435277146749065,0.948772922623903,-1.05244801168026,0.596998348415901
206,"training",-0.218066918851132,0.0352168035816405,-0.980917040724307,-0.182074019935077,0.338647576772397
207,"training",-0.637365577016537,-0.899434659970113,-0.632447427138686,-1.09062728557993,-1.58116969787089
208,"training",-0.132006467569857,-0.253032031990173,0.642817249521613,0.999928370265959,1.10633533878972
209,"validation",-0.897989347778192,-1.28133643359649,0.957069902215153,-1.85719854833736,-0.601596479894197
210,"pfi_holdout",0.641164567294441,0.982646273174259,0.557244160212576,0.0438213497179745,2.16978578614053
211,"training",0.682122225754196,0.321109878071938,-0.753358165267855,0.911191488000511,3.50653325594549
212,"training",-0.0193017625246501,0.0123931864316416,-0.216677656862885,-0.0407650708102206,0.983135741722489
213,"pfi_holdout",-0.773080793751579,-1.16298896706594,-0.508086482062936,-0.157602841043103,-2.33440060837778
214,"validation",0.724555988812692,0.927071840775877,-0.0140984705649316,-1.22134294654414,2.54666836344464
215,"pfi_holdout",0.669332127829404,0.664218486201907,0.438688962254673,-1.17849695907152,2.2594972852105
216,"training",0.768082598049563,0.357764072331739,-0.913879208732396,-1.22923325507361,4.62133645206185
217,"training",1.76418626237793,1.87725888585011,-0.551938685122877,1.06482666525886,6.88669587585719
218,"validation",1.2773950264122,1.44205740312958,-0.73114570742473,0.584912695398371,4.21336274697797
219,"training",0.759588559015771,0.724983496298527,-0.65361665841192,0.502885039545841,2.34512645674631
220,"validation",-0.278271854288047,-0.551058600329404,-0.406917505897582,-0.720715807500778,-1.02285649664054
221,"pfi_holdout",0.0919231912446063,0.348838573806599,0.252215879037976,-0.327701284817129,1.43348118007856
222,"training",-0.614577603578174,-0.474495740280073,0.287295354530215,0.142944786118215,-0.575656016270082
223,"training",-0.125301566254569,0.0415275244616722,-0.932803477160633,0.147800824234924,1.37049600606512
224,"pfi_holdout",0.316948558940781,0.558010653765818,0.497402286157012,-0.678149591598156,1.34123184886775
225,"training",0.720494843799889,0.982094479690422,0.444263326004148,1.72153442316122,1.42907403368632
226,"validation",-0.60249497682692,-0.65266127178104,-0.922544354107231,1.04587172848574,-0.37361193673115
227,"pfi_holdout",-0.90900129741206,-1.03186635393201,-0.931636941153556,-0.157938253606134,-1.52552488648397
228,"training",0.155977133423035,0.359477561508036,-0.218366039451212,-0.0282629029787103,0.184390560066965
229,"training",1.42349871505242,1.21708352574176,-0.199899823404849,-0.207275060309598,4.68194296722908
230,"training",-0.106887602532316,-0.0899530011647338,0.926193343941122,0.59365166230277,1.22011147791839
231,"pfi_holdout",-1.20272492881692,-1.06054299424433,0.338733886368573,1.22116885412397,-4.35202229412815
232,"training",-0.0919786545719902,-0.0498702234623582,-0.637171742040664,-1.87271570244251,0.809749325223281
233,"training",0.607211771859681,0.571031550432423,-0.192415305878967,0.0681399814102661,2.46148693819647
234,"training",-1.19988752314909,-1.55189659720942,-0.4210494607687,0.0468414520171981,-3.17949856708163
235,"validation",0.539437965255633,0.396187019772602,0.915514884982258,0.709259632239633,2.82646861029552
236,"training",-0.156625432720638,0.288265414054096,-0.101524301338941,0.644511088406512,-0.68845159747298
237,"pfi_holdout",-0.230170524824977,0.106996766056213,-0.270523608196527,-0.69520910477274,-0.248279280509232
238,"pfi_holdout",-1.08844522344734,-1.04965888510839,0.76477526454255,-0.929148622994892,-1.88651223318943
239,"training",-0.622154444355861,-0.107373038907609,0.0146540733985603,-0.0144249969468437,-2.07217569929242
240,"validation",-0.59071129642207,-0.603814931516493,0.650923344306648,-0.843980411202345,-1.51529078629298
241,"pfi_holdout",-0.0278940979515512,-0.0345257807073754,-0.267382166348398,0.439968538212548,0.978851095325065
242,"validation",0.531123668706267,0.714740927487324,-0.445124172605574,0.356559292826362,2.43568803704696
243,"training",0.519951432523023,0.666282388549425,0.956157976295799,0.304444752723694,4.2868593207485
244,"validation",-1.04481812298358,-1.43382569372294,0.490023318678141,1.29807751135661,-0.420942671108289
245,"training",-0.415602304645367,-0.848113499590486,-0.4939433215186,1.30445360380317,0.233529555278562
246,"training",-0.791707807148266,-0.693591782723459,-0.416924146469682,1.41861920411365,-1.68113836515303
247,"validation",2.07231272907217,1.93069475242019,0.0728286541998386,-0.720945536460911,5.95784392132539
248,"training",2.49231351824885,3.13051414093584,-0.236158173996955,1.0099881880874,6.65863408908143
249,"training",-0.672215328882064,-0.761696267156411,-0.194514604751021,-0.944330928404588,-2.2556856720093
250,"training",0.343135542837586,-0.14555144750444,0.262503049336374,0.637392375562709,1.45074188337754
251,"training",-0.764908182043015,-0.19276388694778,0.989552326500416,0.247735378019903,-1.6446011859871
252,"pfi_holdout",-0.892956115652958,-0.893151691944945,0.398260419256985,-1.23628100407532,-2.41188360022808
253,"pfi_holdout",-1.27698333650174,-0.885836007089074,-0.992062091827393,0.367091152141737,-1.38216854485563
254,"validation",0.0909767349491199,-0.0567649114063504,0.523357222788036,0.294568927723357,1.23389920372567
255,"training",-0.294860174820625,-0.0537053305968168,-0.668367986567318,-0.534577106117615,0.342700921138758
256,"validation",0.879546276463043,0.882823450711412,0.293048029765487,2.04489260732882,2.5170618072371
257,"pfi_holdout",-1.82181837990775,-2.041510466711,-0.996036752592772,-0.612409779375237,-4.61418102705694
258,"pfi_holdout",-1.19777109035625,-1.40265020794953,-0.183616101276129,-0.380992498381204,-3.06804644418616
259,"pfi_holdout",-0.463382437333515,-0.681804944756813,-0.460986936930567,-1.28583488490698,0.0465665637308572
260,"training",0.21298893906993,-0.139142523651645,-0.598154959734529,0.345292352022575,1.62937898860438
261,"pfi_holdout",-0.0821970434567821,-0.372262456472967,0.378580531105399,1.54604347852684,0.672539876956556
262,"training",-0.203686567439378,-0.37239352775076,-0.6447849185206,0.142629026891289,-0.116859130044892
263,"pfi_holdout",-0.827065315015466,-0.426680919898064,-0.717813024297357,-1.34704469905525,-2.39425906575776
264,"validation",0.0352263588692936,0.109254800857028,0.260226728860289,-1.22744673745832,0.0522741036991302
265,"training",0.851161772484614,0.405326061864212,-0.784593547694385,-0.365058881312643,3.88295685972348
266,"training",-1.27638154853006,-1.54046165787394,-0.648947084322572,0.364531337192799,-2.78359957190198
267,"training",0.732050522111677,0.987547780326032,0.399071303661913,1.52626816012355,2.64594227014037
268,"validation",0.693119803498852,0.766769065852577,-0.231697087176144,1.08665893804725,2.27308725384902
269,"training",-0.330423846074649,-0.232921271062305,-0.633929929696023,-0.153270608700868,-0.164678731461134
270,"pfi_holdout",1.04730333441457,1.00931932004098,0.3547946466133,1.62238146118948,2.63518496410864
271,"training",1.39228082674293,1.45282737503647,-0.905415605287999,0.176294779939445,4.23339506945461
272,"training",0.355022242660536,0.160920665932128,-0.874128205236048,0.50852788054886,1.67021434249748
273,"validation",-0.104670827714862,-0.514951880424579,-0.877928217872977,-0.535523326488128,1.45536879909319
274,"pfi_holdout",-0.7475858003922,-0.740663669352466,0.876575354952365,-0.91807061506203,-0.442694519314063
275,"training",2.39137163694898,2.49499649635483,-0.398073275573552,0.904133199956401,7.82947580838804
276,"training",0.000286935626249507,-0.0436905340222175,0.461720098741353,-0.0384771438362286,0.542663503352124
277,"training",-1.63211308975708,-1.62444757410761,-0.956869396846741,-0.695035137179209,-3.92866660627568
278,"training",1.1927579135123,1.42849487046974,0.254014279227704,0.910270646469978,4.23780975048032
279,"training",0.702677858320941,0.488465990894898,0.520791749004275,1.10221637709379,2.51817849400656
280,"validation",-0.884172869194739,-0.790565749450376,0.766424916218966,0.235989207544123,-1.80627609366544
281,"training",-1.29896123088687,-1.39506429389516,0.379835945088416,1.6271498385845,-3.52635935641792
282,"pfi_holdout",0.596283734192052,0.564738326482882,-0.973872230388224,-0.891735473468585,3.55493523996505
283,"pfi_holdout",0.415299112406949,0.310527362171633,-0.955411269329488,0.451574943056025,2.25286665371034
284,"training",-0.846401898025453,-0.584929353923253,-0.13138987775892,0.708547935939696,-2.63105721915173
285,"training",0.0298665596430098,0.384437951410053,0.399287831038237,-1.1794279640021,2.17992336319677
286,"pfi_holdout",2.3765077020154,2.59370794460748,-0.184089398011565,-1.22934297720983,6.39622183798609
287,"training",1.07679686660141,1.07679899939155,-0.44654718413949,1.3299332336669,2.34348975443937
288,"validation",-0.38364985313892,-0.472817607840671,0.41444569081068,1.39178312565645,-1.24862821348459
289,"validation",0.51788465270236,0.607939920569084,0.965329432860017,0.801223186525764,4.06539424087008
290,"training",-0.645479028881789,-0.469598425317658,0.499704382382333,-0.108914800167273,-0.77614871812625
291,"training",-0.869270576095275,-0.672862510696921,0.187209463212639,-0.148250203944554,-3.27737077448818
292,"training",0.379279415284209,0.299015490640795,-0.0330875217914581,1.02111681980305,0.611984184108209
293,"validation",0.643021944409619,0.892857106759962,0.863636916968971,-1.34301576649236,4.29302466598014
294,"training",0.331767297075274,-0.15173180374602,-0.427011171355844,0.84850020257222,-0.183163092535115
295,"training",-1.89344011283507,-2.1783826757323,-0.178269946947694,-0.924266522340194,-5.30431907743869
296,"training",0.746571379103837,0.666277194374399,-0.432820840273052,-0.0337543161115263,2.91075987279925
297,"validation",-0.0387309012259393,-0.0966703931561496,0.513402774464339,-0.289223144570979,0.075247287837481
298,"pfi_holdout",-1.06592505933998,-0.6702236287696,-0.00684406422078609,1.60755651765378,-3.72524385117087
299,"training",-1.09087851832159,-0.879569648594767,0.652440237812698,-0.207629210838307,-1.62215308584183
300,"validation",0.431786205966708,0.410646580803698,0.408572437707335,-0.951302797141328,1.20469582631843
301,"training",0.344461620495516,0.267072678826636,-0.312632967252284,1.62777451293775,1.1079257149341
302,"validation",0.783584063721396,1.07621067365881,-0.652961970306933,0.410880722298195,2.08925825653494
303,"training",0.667306551067609,0.56057766628556,-0.19701708201319,0.230592617822035,2.59334903067343
304,"pfi_holdout",-0.225446579755611,0.0248373275082329,-0.02959064533934,-0.835400388982655,-1.7509507788184
305,"validation",1.74490741879289,1.8815161244355,-0.269882397726178,-0.949802263623662,5.98127278167565
306,"training",1.53349280718089,1.85920428388661,0.566317988559604,-0.843154515046266,3.63978219409787
307,"training",0.433702512673702,0.979022242199735,-0.893235007300973,0.543284078664483,3.47580202626956
308,"training",0.724021619856158,0.713229851345259,-0.138458112254739,-0.293182047043995,2.01578936087585
309,"training",-1.24456426378842,-1.60970231579341,-0.571620086673647,-0.899296263906225,-4.48184255152517
310,"training",-0.418490526631845,-0.559124035023307,-0.811051588971168,0.593130566619564,-0.172729969971245
311,"training",0.419176268550072,-0.129630687356242,0.362854563165456,-0.942802267652399,2.73818350990283
312,"training",0.730805454790671,1.00983678838616,0.31650856230408,-0.0357437932094063,2.69251762705905
313,"pfi_holdout",0.407410460904692,0.202128901229954,-0.486106263007969,1.65289596065863,1.92678653665757
314,"pfi_holdout",-0.16559933782347,0.0797520845672959,-0.362550972029567,0.374169603276522,-1.08799860497346
315,"pfi_holdout",1.15648255360494,1.44003488052792,-0.989305164199322,0.647820696320394,5.14730111330994
316,"training",-0.261036388258821,-0.521605244646194,-0.678595268633217,0.390554060583679,-0.515720818855407
317,"training",-2.25573940852478,-2.62032292079112,0.330500503536314,-0.330023054093867,-8.26009188747377
318,"training",1.21918050665098,0.99378822032603,-0.730086416006088,0.363568806733703,3.41312365140456
319,"training",0.122606543862574,0.238076684159722,0.33632164914161,0.412009511432846,1.20686433566902
320,"training",-0.631518618269296,-0.560627186873033,0.197391530964524,-1.11557150925689,-2.70899880543913
321,"training",-0.801674144133567,-1.19782085167816,-0.00635334197431803,1.70088559050128,-3.42844316363015
322,"pfi_holdout",-0.0669698871051312,-0.331445845373887,-0.796151264570653,1.20348234563904,3.30404148725444
323,"validation",-0.848219229991587,-0.894645441064899,0.75569246057421,-1.77494442428472,-1.84857322289479
324,"pfi_holdout",-0.954501835651057,-0.926091683309758,-0.833022600971162,0.255431773511221,-1.75883458992351
325,"pfi_holdout",1.11879744824194,0.990701762706789,0.283240919467062,0.555162910081687,4.10981094057534
326,"training",2.1757880582233,2.43928509755694,0.126879236195236,-0.197372975986857,6.67580477994186
327,"validation",-0.621755259065372,-0.764178367834124,0.0279719405807555,-0.26071780567947,-1.59031241684033
328,"pfi_holdout",-0.733546083437598,-0.849396249984849,-0.531271552667022,0.520445612047426,-1.7280120027129
329,"training",-0.759305467702179,-0.985210852041452,-0.739655692130327,-2.47885658935236,-1.41300557805882
330,"training",-0.00406986854622705,-0.142731748796847,-0.557196200359613,0.154175098995015,1.20837150832276
331,"validation",0.110931812119604,0.20551632544058,-0.137537350878119,-0.970653006345575,-0.46367439829915
332,"validation",0.836804851393899,0.815644742064177,-0.503771701827645,-1.21361213598993,4.09051371422442
333,"validation",0.902882469794534,1.03130338635247,-0.662669522222131,-0.501673229985354,2.29564106291972
334,"training",2.01004605222821,2.81117372407319,-0.621421749703586,0.446729877127154,6.5603551512232
335,"validation",-0.179599051523743,-0.167313977059729,-0.281231785193086,-0.489928391262175,0.125647680832043
336,"pfi_holdout",-1.19012591996013,-1.41246149084357,0.0849319878034294,-0.294417585545905,-3.9842230047761
337,"training",0.198203399928021,-0.140415870915295,0.066634623799473,-1.04097726459007,1.77017440420124
338,"training",0.0986394463438679,0.0963130144980844,0.331730193924159,-1.19603083292372,0.227561135318871
339,"training",-0.0435901879868237,-0.0634130892946229,0.0208033067174256,-0.330322298873478,-1.39201366827353
340,"validation",0.715245018313414,0.164583840121177,-0.170446123927832,0.946758581369219,3.86813150614356
341,"training",0.170083648059727,0.158682683141782,0.520695720333606,0.271072356765806,0.786378543104443
342,"pfi_holdout",2.13610194544823,1.98781749342393,-0.459277611225843,-0.207759573138486,7.15625818626247
343,"pfi_holdout",0.627032261239276,1.45730381814937,-0.775493536610156,1.38617160949495,2.68003833504706
344,"training",0.277374314573019,0.16197692879492,0.57426207466051,-0.40968204290221,0.579840196721295
345,"training",-0.105445036787876,0.488527531674663,0.199686880689114,0.733948137688868,-0.64133588327866
346,"training",0.474324407644249,0.832231035657335,0.306035400368273,0.635255884268746,1.49507333271931
347,"validation",0.77701659216147,0.698365949015598,0.239436305128038,0.514835615860666,2.61569795274606
348,"training",-1.10503707058833,-0.561767143515847,-0.0569696133024991,1.76817985076761,-3.82920384515303
349,"pfi_holdout",-1.04068307142047,-1.34446286795179,0.707292147446424,-0.0958074084759305,-3.34994720192311
350,"validation",0.843870179809084,0.662310990777262,-0.136410406325012,1.6233268142926,2.09967087387764
351,"validation",0.171325805933983,0.486717753743271,-0.766681829001755,1.23936275070616,-0.623201695725543
352,"training",0.18942104738269,-0.0540530830976201,0.096104184165597,-1.05197725082614,1.03707709880638
353,"validation",0.382264403090214,0.487831448967772,0.165953355375677,-1.00538712163221,1.73630179819828
354,"training",0.55849792149264,0.431921359791454,0.151472514029592,-0.0585302389344601,1.17475583751463
355,"training",-0.673235979441907,-0.653238459222376,-0.411771148443222,0.0561099803380368,-0.514984139709951
356,"training",-0.395547688524882,-0.624735057098976,0.478994648903608,-1.27928286806254,-1.3287360650818
357,"training",-1.36268834386012,-1.41370770349694,-0.299524993635714,1.78488967588466,-1.85002610046341
358,"training",1.86887284372469,1.71040057542982,-0.137199703138322,-0.178795424573536,6.87909034619107
359,"validation",0.446266099971479,0.835797009322472,0.709231192246079,-1.05306831353658,2.49961861409711
360,"training",0.0172245555867817,-0.293455223228476,0.023157293908298,-0.224140433498178,-0.3249807610664
361,"validation",-0.342276982333242,-0.377359150692648,0.102878978475928,-0.0645343781634809,0.263493847206857
362,"validation",-2.10858146775466,-1.83418636534595,0.571341076865792,1.52109813237269,-5.88555307119008
363,"training",0.522761017809166,0.6470405427144,-0.983207819983363,-0.620296459951338,3.48005902667361
364,"validation",-1.07525370229221,-1.45484149820541,-0.473042416851968,0.848616463781713,-2.89051582835793
365,"training",1.26973341132484,1.39943461759373,0.284935210831463,-0.490162994008912,3.94620432885861
366,"training",-1.45945607350881,-1.59600484321483,0.226226889993995,1.43755923057675,-3.24725688121695
367,"training",-1.05807453520288,-1.15409482013878,-0.582009215373546,0.740237701939986,-2.84370693142232
368,"training",0.607594345175891,0.425127730295071,-0.870975725818425,-0.532788348692767,4.10330023779447
369,"training",0.449253199579021,0.0442537215845012,0.773884132504463,0.277393758205453,2.73709130811187
370,"training",-0.118775996141001,-0.129233447146879,0.0921366759575903,0.738394680961116,-1.77154171364657
371,"pfi_holdout",-0.935159466870733,-1.68409394923793,0.0268882038071752,-0.0349717636643189,-2.41124106044439
372,"pfi_holdout",0.759813846848415,0.882838119593116,0.742686993442476,-0.49747141106786,2.53864964736179
373,"validation",-0.752804907097329,-0.337521058115805,-0.82532806834206,1.70421855075099,-1.84180402718543
374,"training",0.61229706168924,0.780480342922939,-0.208464822266251,-0.0439811569500662,2.47714517309732
375,"training",-0.127136472679087,0.245990784763289,-0.0265011102892458,0.281894117062732,0.162288787455796
376,"validation",0.0425085584239672,-0.284264126061646,-0.283062497153878,-0.400381878771815,0.260445079483801
377,"pfi_holdout",0.0693017893174199,0.0941729355072236,0.160686259623617,-0.581568566234944,-0.532090106229484
378,"validation",-0.38326534568255,-0.129004074299651,0.337439589202404,1.42568707987986,-2.0756265227958
379,"training",-0.746948684354056,-0.690338342484331,0.642755004577339,1.43075215593574,-1.02732004552563
380,"training",-0.3653669140159,-0.734747392688683,-0.633812196087092,-0.729839185890857,0.18649827766275
381,"training",-0.264227124436678,0.0299254964283057,-0.332825458608568,0.581268161184589,-0.154046907475595
382,"pfi_holdout",1.14855405736463,0.946709648755847,0.825813327450305,-0.77175475236824,4.71711735958258
383,"training",-0.640264674454982,-0.270043989515772,-0.365893266163766,0.630044538065909,-1.40657859389197
384,"validation",0.284150108554216,0.182256368285265,-0.0505711394362152,1.3823396742489,0.679375615643447
385,"training",-1.39792494256622,-0.945196308426274,0.97669511847198,-1.75068476849625,-2.91797866477468
386,"pfi_holdout",-0.746769008949322,-0.504379843583399,-0.345966566354036,0.72160056594475,-0.792997916473196
387,"validation",0.532529567365502,0.43727138955752,0.822256969287992,0.532937749376246,1.52179206124049
388,"training",0.203250928883614,0.42553993419442,0.3242495842278,2.12902038075417,1.51853902731406
389,"validation",1.68657859157596,2.1475363090258,-0.776435656007379,-0.136326458936587,6.71482346162845
390,"training",-0.836045294751509,-0.154420246647869,-0.916994537226856,-0.92311233457727,-1.57022527671627
391,"training",-1.30543109707633,-1.48089093105853,0.809427347034216,-0.967648237093524,-3.07345445710298
392,"pfi_holdout",-0.212667741447614,-0.194627247317951,0.0277016488835216,-0.35837859714353,-2.14295488463819
393,"training",1.45106104540554,1.29147051768867,-0.569187878165394,0.903768327931485,4.80114189168954
394,"validation",0.107069451051455,-0.164250062511621,-0.759130533318967,0.74341223604902,-0.461023860178474
395,"training",1.5511873461483,1.50884645328556,0.371107550803572,1.7205022543783,4.07095270680451
396,"pfi_holdout",0.512186854815909,0.541381944443775,-0.773149718530476,0.0499334115930068,4.02576340682149
397,"training",1.12264973139069,1.43313021042355,-0.978902043774724,0.170479584419009,4.67540240378579
398,"pfi_holdout",-0.794011482526417,-0.40799561777238,-0.0519586312584579,-1.00176209236812,-2.87066304304288
399,"pfi_holdout",1.51767005110711,1.85871100114183,0.935840852092952,0.734301109230734,5.8961891681998
400,"training",-1.06550024665897,-0.97500418163722,-0.318240717519075,2.00800452548714,-3.33545384274949
401,"training",0.0277770442838881,-0.0339944907732291,-0.853094241116196,0.692601538706392,1.79325482891702
402,"pfi_holdout",-0.711213797016517,-0.885753490654958,-0.0882694688625634,-0.0354032404503527,-2.46033768083962
403,"training",0.723396244965337,0.737025904905141,-0.840767088811845,-0.384200975476472,2.01089906780368
404,"training",0.37134977612637,0.325379432517097,-0.136291477829218,0.673174794514322,1.3512511158749
405,"pfi_holdout",-0.572094643292177,-0.753748750375654,0.403156428132206,-1.73294840114089,0.178054877955739
406,"training",1.32410247975284,1.65975856830981,-0.686250186525285,0.0195792476829523,5.30610277291899
407,"training",-0.708957879694595,-1.3791427271524,-0.0692660468630493,-1.20635923445301,-1.77389521953743
408,"training",1.28159308628888,1.32147321666959,0.635244575329125,-2.23286894552965,6.55623797686536
409,"training",0.885386079057976,0.722275943822702,0.964300740044564,-0.336458865842587,4.47999505449672
410,"training",0.570635852935999,0.623694093818991,0.879422126803547,0.770997916086669,3.77690956967873
411,"validation",1.61462581120944,1.3950292323912,-0.111852578353137,0.68148601442182,4.97771419268282
412,"training",-1.68151355261417,-1.6075342430198,-0.0933864028193057,0.697489272050997,-5.5653596230136
413,"training",-0.362554811648281,-0.30373165541295,-0.113523400854319,0.757488415777677,-1.19990889310151
414,"training",-1.09846703934782,-1.32497845709276,-0.307564134243876,0.651707880405035,-2.55219869251786
415,"training",-1.01129864209327,-0.956509145337418,0.761902469675988,1.66044339874616,-1.42600046030453
416,"training",-1.8375828565858,-2.25286059176276,0.976520803291351,-0.186891092615977,-3.28493501259567
417,"training",-0.956243406624997,-1.0155486559789,-0.285571584943682,-1.29116927289316,-3.57263912649653
418,"pfi_holdout",-1.41161985747357,-1.07319899317145,-0.490251997485757,0.0603633709921894,-3.15039160253502
419,"training",1.63479370920172,1.63781556089831,-0.119709226302803,0.28785831212939,4.96734598263458
420,"training",0.238909342714164,-0.288988206281734,-0.864628387149423,-0.389630245905882,1.48018570292588
421,"pfi_holdout",1.07577205623168,1.27347293779936,-0.803232062608004,1.12091013871652,4.94134714153595
422,"validation",0.791567207355373,0.659924539325155,0.842188131529838,-0.350868800230282,3.04669200220098
423,"training",-1.72670353599447,-1.50697956067044,0.892227850854397,1.64156775258448,-3.48421289431381
424,"training",-1.81973999262766,-1.67582028948528,0.0177255817689002,-0.674266759427169,-6.4056821020313
425,"pfi_holdout",-0.396023164469545,-0.177823976348331,-0.665795307140797,-0.184296911898942,-0.942636891831174
426,"training",0.757762541881467,0.697908225885912,0.291789249051362,-2.10860348653956,1.34116587891823
427,"training",0.928714106486685,0.549918583157485,0.309536236338317,1.07259483783995,3.24412399415119
428,"training",0.181979105947154,-0.0145533561440606,-0.579707415774465,1.08299480591393,-1.23718930433279
429,"training",-1.90948775798829,-1.79422582860267,0.891474762931466,0.366479153224778,-4.37140951579621
430,"training",-1.36125951555981,-1.78300567090849,-0.0330805755220354,1.98005821314921,-3.08035497605578
431,"validation",1.47606011106751,0.902190565862531,0.577173880301416,-2.23416829517735,4.27107538956235
432,"training",0.487566286558631,0.107833190320129,-0.118039644788951,-1.54698519323517,2.73950528114196
433,"training",-0.198374305520697,-0.643506369183058,0.718310122843832,0.335769416309344,-0.274153629422268
434,"pfi_holdout",-0.960694148068668,-1.56185933286072,0.0969704184681177,-1.48946785450776,-2.44092746999206
435,"validation",-1.42267773469769,-1.35785164666412,-0.192080901470035,1.5657913533639,-6.6850194459983
436,"training",0.193185140925862,0.151125068827695,0.323871616274118,0.839443905659956,0.573603790426175
437,"training",-1.04408030126502,-1.16151261354152,0.758312226273119,-0.195320918903546,-3.36849399352057
438,"training",-2.49810415137142,-2.90763124962347,0.369584488682449,-0.340189663583766,-6.02110718093859
439,"validation",-1.02425732830386,-0.643311066562453,0.930719515308738,0.742081847096207,-1.96149925631653
440,"pfi_holdout",-0.00313311724885787,0.101073068924423,-0.90889875870198,0.1918936513107,2.88978053792316
441,"training",0.858808962169816,1.09562019707511,0.503351306542754,0.638726806259835,3.57386539776452
442,"validation",-1.27752007599463,-1.16439168159813,-0.0728191821835935,-0.892336457261231,-3.54881991726678
443,"validation",-0.492089999165935,-0.533066707261143,0.964407369028777,1.19113631433734,-0.192582599330526
444,"pfi_holdout",-0.9421628666021,-1.28628400390267,-0.722865186166018,0.0895561694058793,-1.47522997273379
445,"pfi_holdout",-1.96328927893358,-2.09649397431075,0.452498842962086,1.07068244610207,-5.86242175445966
446,"pfi_holdout",-0.202122186148503,0.342269083583512,0.328581374604255,-1.38180468522907,-1.0365972845612
447,"validation",0.963035790641136,0.900255965638222,0.796442501246929,-0.568812813043632,4.19652909508598
448,"pfi_holdout",-0.0181537225615671,0.0889667700844206,0.329719035886228,1.43797878660957,-0.687412900669523
449,"validation",1.16075951472183,1.06974901374612,0.193572560790926,-0.14664234817662,3.33660237829205
450,"pfi_holdout",0.137178775231688,0.133844189576051,-0.865943332668394,-0.146479695850453,1.41778434249907
451,"training",0.114369760528542,-0.141808654673084,0.289540743920952,1.08130675744846,-0.260768565675142
452,"validation",-0.983466940001437,-1.05707021532776,0.903903065249324,0.850460882400497,-2.36564117281866
453,"training",-1.32427242190851,-1.24363033350161,0.795722322538495,-0.0315222490694449,-3.13393269781344
454,"validation",-0.718851632475259,-0.492822179236021,0.518853559624404,0.408228257651377,-3.07308136179138
455,"validation",-1.4009131202188,-1.41023351712749,-0.875730333384126,2.48399192110525,-3.94329417242195
456,"training",0.352630415826863,0.155795563700396,0.94378101406619,-0.159212734571909,3.83846454319993
457,"validation",0.424218270956276,0.670145777394573,0.122048289515078,0.575996445593538,1.74533654302324
458,"training",-0.76459230034993,-0.38471058937634,0.313681699801236,-0.102768943041313,-2.63474692575581
459,"training",-0.190866813151223,-0.621144385025902,0.955748691223562,0.511872791553615,1.17673922328788
460,"training",-0.338448964887553,-0.555095461306567,0.686433318071067,-0.0511222271259252,-0.254274566063728
461,"validation",-0.891139872102545,-0.657732150415063,-0.125741204246879,0.261410089526557,-3.44588509592497
462,"pfi_holdout",0.0962385664095703,0.221566998317227,0.574369380250573,-1.23634512553943,2.24961920519804
463,"pfi_holdout",-2.3140198011859,-2.80351799156085,0.295807181857526,-0.301213839265107,-7.9792349528473
464,"training",0.695183256762285,0.719835106787185,0.105599284637719,-0.363359049228707,2.02832560331591
465,"training",1.33729956748344,1.07251471147597,0.936512417159975,-0.509151951188992,5.30829236044669
466,"training",-0.832929538063678,-0.685249992561801,0.400776091963053,-1.70367045459029,-3.07912041282945
467,"training",-0.255699805131853,-0.246687346966278,0.782650201115757,0.903017217667157,0.695179018214377
468,"validation",0.524715039971343,0.464765306225054,0.0298815853893757,-0.751776704639801,2.69694771842321
469,"pfi_holdout",-1.30158261240025,-1.51108911530649,0.323522777762264,0.580940759381022,-5.13593697085056
470,"training",-1.50374751601968,-1.76188196175659,0.643132287077606,-0.0584905607067543,-2.99857960544943
471,"training",0.612923432606342,0.945562165496205,-0.0972083513624966,0.700088868642421,2.31970500639968
472,"training",1.79166625108453,2.05477652643919,-0.695732320658863,-0.239364339723055,7.93263407498754
473,"pfi_holdout",-0.0677539349145083,-0.0656117964188027,-0.452132874634117,-1.14775558480608,-0.147378487859161
474,"training",1.43772718050522,1.47935689072878,-0.213262722827494,0.960270270978301,5.12831921835711
475,"training",0.411587483051907,0.673505924731421,0.226575016975403,0.662311350349328,1.22750137469698
476,"training",-0.31878424541432,0.0713911247292671,-0.770769456867129,2.60614988843466,-0.336060521493269
477,"training",-1.20369481975322,-0.833785754021266,0.470369764603674,0.641202176216212,-3.57180013998618
478,"training",0.630940181566246,0.911922297085761,-0.974934049881995,-0.819353115039458,5.06154236543894
479,"pfi_holdout",0.548583531391536,0.21920842698744,-0.773341306950897,0.495390050219077,3.91696541634571
480,"training",1.85447711681912,1.56442824199927,-0.668346155434847,-0.697003165577636,5.77518348499559
481,"training",-0.146496135239521,0.229633935623445,-0.899424949660897,0.304089107836169,-0.670961638734337
482,"training",0.458206815487109,0.515369825009483,0.455919299274683,-0.648789488828343,2.93104590778924
483,"training",2.15130076596576,2.15375084449817,-0.186481168493629,-1.36209688447798,6.07563400165517
484,"training",-0.722656451426703,-0.584477146455574,-0.631695122458041,-2.17810540283791,-1.78960609544427
485,"pfi_holdout",-0.0821187371298469,-0.209198359034666,-0.612947737332433,0.277162420309357,1.45267169510971
486,"validation",-0.968986781412168,-0.946597620942849,0.481014077086002,0.020839713427841,-2.40496876748846
487,"training",0.717273806465989,0.764891850570539,-0.0313853025436401,-0.970403886196783,1.69681115213757
488,"pfi_holdout",2.41277002434234,2.61470520310697,-0.607703969813883,0.920774897666138,6.3346288624425
489,"validation",1.341757486302,1.52390392819408,0.941305104643106,-0.273025916318687,6.37380486100464
490,"pfi_holdout",0.0558316511508845,0.229195437999004,0.78982945997268,-0.291522345134209,2.24213601722674
491,"validation",1.07582912318406,1.05105185427669,0.185156361199915,-1.00366903735511,1.46445457544708
492,"training",1.49383863831448,1.22714981042629,-0.878479957580566,1.0597060670938,5.64927595208047
493,"training",-0.197920289985395,0.145708055323315,0.858436755370349,-0.325746766781252,0.499648251857595
494,"validation",0.422440432670038,0.305598674892396,0.0174067299813032,-0.541259009821669,1.61205845408403
495,"training",0.344218018012605,0.583111880280095,-0.122956501320004,0.362922247123332,1.18988523214124
496,"training",0.0386922433880381,0.105301643338017,-0.946612533181906,0.988890685892174,2.16594363519917
497,"training",0.839644579349752,0.803067142929607,-0.101016087457538,-0.187622009735438,2.10567317400286
498,"training",-1.20625625083519,-1.09262704600445,0.311389237642288,0.0516817117410517,-4.00414869024319
499,"validation",-1.3296877186744,-1.26802846942376,0.543919073417783,-0.651912007242491,-3.92639051497618
500,"pfi_holdout",-1.42199720516388,-1.32254898070406,-0.0428597866557539,0.110811149831385,-4.02478503615299
501,"training",0.593842934552233,0.983759502691186,0.215728461742401,1.85577491736914,1.76242774200739
502,"validation",-0.970919326833555,-0.952019302814239,0.24719223799184,0.0876403443223035,-2.81260152176598
503,"training",-0.122812197628937,0.514083186462338,-0.545631480868906,-0.731985153061581,-0.105431005539114
504,"training",-0.556774701820264,-0.869446041730577,-0.0964933945797384,1.52424666467243,-1.46060952278013
505,"training",0.191368494376634,-0.276733067104195,0.183433020487428,0.128595606985196,0.867894063923397
506,"pfi_holdout",-0.116075050230802,-0.345873539147512,0.34971200954169,-0.549596351796395,-0.216201503979023
507,"pfi_holdout",-0.635697710926275,-0.56900711076488,-0.84009818919003,1.44576147191821,-1.88169825037352
508,"pfi_holdout",-0.133602379947342,-0.197658412391177,0.495827466715127,-0.562212785668119,0.250132279671255
509,"validation",-0.752487343933526,-0.92248395972611,0.962883753702044,0.874461250357356,0.592687754406684
510,"training",0.15266198555938,0.491392979388909,-0.647654335480183,1.18946200779976,1.17723300032577
511,"pfi_holdout",-1.68855680296548,-1.44658739347325,0.183530684094876,-0.693035428832471,-3.8591967652904
512,"validation",-2.91169018864064,-3.13913958231882,-0.258263792842627,-0.65067485819178,-9.02601805014879
513,"training",0.570945317339189,0.652125162819996,0.0227969931438565,0.722795902455802,1.72210567068855
514,"pfi_holdout",0.587644178839394,1.01031790977346,0.724004956893623,-1.28283939221802,2.35927181485672
515,"pfi_holdout",1.04218425955224,1.3318032923325,-0.0916403699666262,-1.03652208957653,4.57509262735547
516,"validation",0.153247628533421,0.0689349952099996,-0.0872198641300201,0.382122740880899,0.130336421218017
517,"pfi_holdout",-0.408214154099664,0.0648937582855436,0.45084596471861,1.29466975777076,-0.636829846406546
518,"training",-0.128315288772606,-0.264533646267155,0.0060993880033493,-0.193265182100927,-0.531092997166197
519,"pfi_holdout",-1.99188041791584,-2.09418261799151,0.856868172530085,-0.230801067551033,-5.73226544783259
520,"training",1.65123297448964,1.71616830517266,-0.0764800161123276,0.962481923671173,4.94072568224291
521,"training",0.217053670410663,0.285042429552958,-0.671922265086323,-0.980451731601454,0.832792915214987
522,"training",-1.07577512382711,-1.2028628846577,-0.445105192717165,0.98350360461304,-2.29497094105183
523,"pfi_holdout",1.07158635576883,0.88691867507294,0.00498384470120072,0.790344648095442,2.99970640017251
524,"training",0.0810370166112236,-0.183244329254069,0.554881434421986,0.453517938046942,0.0393313331190026
525,"validation",-0.417006348879974,-0.856799636054303,0.79100423399359,0.160436053132205,1.15983664390786
526,"training",-0.435821058852619,-0.165361749089068,-0.0804501939564943,-0.202114309453822,-2.68256044748689
527,"training",1.02840988288761,0.848100601882918,0.536857356783003,-0.070114764015491,2.47940196010618
528,"pfi_holdout",1.36335261031967,1.06646731429045,0.713362252339721,-0.573499390580543,7.07623783697029
529,"training",-0.963746608983455,-0.894278566365929,-0.76307587698102,-1.01672115042884,-2.12200872732248
530,"training",-0.237687997208997,-0.636713034019345,0.0203621811233461,-0.944230013443703,-1.63020330691897
531,"training",0.64218310728135,0.582291969497166,-0.744337119162083,-0.376904812085509,2.42759379466287
532,"validation",2.00412456775269,2.00048856268322,0.0245299898087978,1.00475536965491,6.04925040563906
533,"pfi_holdout",-1.02068479601394,-1.15019286502436,-0.328145028091967,-1.78083034436175,-4.06865427042254
534,"validation",1.31193997855134,1.03266056623586,-0.723708870820701,-0.644893127507076,3.78320585716148
535,"validation",-0.500395195774607,-0.170572611306099,0.714257626328617,0.148907991332368,-0.414315904761138
536,"validation",-1.16363314787053,-1.34473628335969,-0.698962398804724,0.483096151417821,-2.1419174049912
537,"validation",-1.46689818637904,-1.68837942310927,0.557905468158424,1.2754591018819,-3.44972582049217
538,"training",-1.02503630050483,-1.1885356084407,-0.634537468664348,-0.555416800566668,-0.762656525486827
539,"training",-0.891925980447016,-0.623352171226581,0.163201251998544,0.426920463119047,-3.45245454834576
540,"training",0.00792858629872218,-0.206451773073423,-0.676852373871952,1.73992652220487,0.414488392810501
541,"training",0.241945263661126,0.269239000015536,0.914226291235536,0.122763616053068,2.44075118933759
542,"validation",0.649468256357735,0.927998961372856,-0.532689378131181,0.353185757631797,1.64797740490437
543,"validation",0.766736108864893,0.737614940009244,0.832030612509698,-1.53284428069136,3.69283670453894
544,"pfi_holdout",0.612726554077047,0.823827723673016,0.506086330860853,-1.38058284311191,1.08535933187679
545,"pfi_holdout",-0.40596550323645,-0.245588365114608,0.122027064207941,-0.665232053008803,0.343478990018319
546,"training",1.51003757770502,1.57861296775757,-0.36705731600523,-2.00695472461784,5.67961615935541
547,"validation",0.384206106977605,0.398293528704733,-0.540455006994307,0.486768437088021,0.784428983719685
548,"pfi_holdout",-0.953730848386497,-0.62246952530534,0.213897258974612,0.880499190303564,-1.87864608161163
549,"training",0.554100915961965,0.607689231531023,-0.375827322248369,0.296657509047881,0.730775737838387
550,"training",-1.04936256508647,-1.3721542761321,-0.0355309336446226,0.360425586265168,-1.58325360983574
551,"training",0.736620613904874,0.688120433405159,0.267433588393033,-0.00514766889296483,1.99443375982079
552,"validation",-1.63774861939155,-1.56772992391991,0.729550200514495,2.1755462471576,-5.11041439254214
553,"training",1.39527695419941,1.22194575509749,-0.753748230170459,0.967357657801889,4.29915587989322
554,"validation",0.582509837303981,0.608819691055488,0.870577699970454,-1.75919816199154,2.24145472267357
555,"training",2.1915652034785,1.85346674256795,-0.0945399794727564,-1.4415625807054,6.17899762935725
556,"pfi_holdout",0.275504928178925,0.786325528095962,0.954768551979214,-0.951453619938556,3.30582073010473
557,"training",0.964271819284835,0.721726485696221,0.182082603219897,0.362297746138656,4.39406103350135
558,"pfi_holdout",-1.16122619626159,-1.17036479418197,-0.700707839801908,-0.72943572742717,-3.48762114995276
559,"validation",0.765321387888738,0.923596795123514,0.295507662929595,0.147983054935912,3.17972213546192
560,"pfi_holdout",-0.970874987466024,-1.19333849339823,0.389768933877349,-0.379615693020328,-3.51236861503677
561,"training",-1.35463911085155,-0.861366136853106,-0.539727038238198,-0.129243740497913,-3.64518059186919
562,"pfi_holdout",-0.391894153671352,-0.617023278735096,0.892697262577713,0.384459524713971,-0.0314035022637364
563,"training",0.440021407729164,0.499576511792679,0.957638885360211,0.186665880719115,2.73952786649564
564,"training",-1.37084927481586,-1.77610543152604,0.203123993240297,0.461327503341846,-2.92599335778977
565,"pfi_holdout",-1.16932629263439,-0.554321094566323,-0.302479605656117,0.317366756954813,-3.10514828348082
566,"training",0.621144225297348,0.804798593397041,0.914297450799495,-1.24758819504781,4.86508884285815
567,"training",-0.622724898955413,-0.717902442862117,-0.41047926293686,-0.0571282207077615,-1.57076872022786
568,"training",0.347377551655296,0.359953850876268,0.803114855661988,-1.07562018237339,2.04375963170135
569,"training",-1.56606611240452,-1.09432761582574,0.719319842290133,1.25435819977123,-3.31471647167296
570,"validation",1.28461456496224,1.50239273071253,0.314511305652559,1.32529895176631,3.39524830215726
571,"validation",0.332933788328932,0.301256310389593,0.105216052848846,-0.111295798533703,1.47973999769305
572,"pfi_holdout",-0.541528440776678,-0.62917117212348,0.103111281525344,-0.385180349172702,-0.936366993336616
573,"validation",0.714714315217386,0.380215354496691,-0.0667616999708116,0.336272936997111,1.60890799365324
574,"training",0.476665859026444,0.820323743337475,-0.928139921277761,0.158985774677929,4.14244245772803
575,"training",-2.1273578534072,-2.23274583999756,0.717570081818849,3.06279682450351,-5.69019005416509
576,"training",-1.91639049275028,-1.99855691933401,-0.745624976232648,-0.494555531910646,-4.60748919165934
577,"validation",-0.396242815975804,-0.599237243712324,0.710516546387225,0.190037500763202,-0.803627014031884
578,"training",0.486912668521456,0.510917338083713,0.413995536509901,0.122739224806692,2.63459304894577
579,"pfi_holdout",0.706889422824324,0.688473494566446,0.730698415078223,-0.447520166731733,4.1224427763303
580,"training",-0.85759091588671,-0.85433563479784,-0.595999161712825,0.533103931542082,-2.14556205491504
581,"pfi_holdout",-0.860848922423716,-0.353025842211913,0.623769171535969,0.270592626528192,-2.01418466034974
582,"training",0.180578363239628,0.500340793951337,0.727218276355416,0.497531202198003,0.38762216597663
583,"validation",-0.103088101940115,0.207004115741316,-0.928052309434861,0.00204067027785977,1.4625015816235
584,"validation",0.139381142478223,0.13504142319365,0.774102340452373,-1.33070759625115,2.26241936421431
585,"training",-1.49432286958667,-1.35236068795321,-0.532815326470882,0.0262030560286761,-3.93200130075232
586,"pfi_holdout",-0.041156742605381,-0.108213082231493,0.0227632550522685,-0.752778472916464,-0.533490165823367
587,"training",0.523316492818057,0.52332219294061,0.247498747427016,-1.58188937723934,1.66536194874202
588,"pfi_holdout",-0.402932921956157,-0.616429936122478,0.199532045517117,-0.439751112130879,-2.1954054314706
589,"training",1.5211954209926,1.43998561066282,-0.146670121699572,1.0542120526981,4.31069197690203
590,"training",-0.732665641856219,-1.05848080174672,0.13072649249807,1.35278308038164,-1.25363214454331
591,"training",1.43082933789439,1.82604626941777,0.868914631195366,-0.416127749227115,4.95667151342137
592,"training",-1.46359455076445,-0.890973360496693,-0.461073103360832,1.10701352363789,-2.7152052123673
593,"pfi_holdout",0.299017308967855,0.529978930435257,0.000714580994099379,-0.0687305886035761,0.34025852969392
594,"pfi_holdout",-0.368151144418241,-0.328718978713191,0.0203281319700181,0.849675276680572,-1.93137771186413
595,"validation",-0.520453035842266,-0.287643333717981,-0.776411685161293,-0.353542264372202,-1.34047400465339
596,"validation",-1.76020868027951,-1.27365583994339,-0.647892470471561,-1.07322669829874,-3.99114991370177
597,"training",-0.283145875062816,-0.388550170540936,0.451319491956383,0.6292187027588,-0.490237492789544
598,"validation",0.432980004561283,0.409759006593115,0.742259981110692,0.520564748364244,1.12969847220332
599,"pfi_holdout",-1.23385556887689,-1.14412380416397,0.643649206496775,-0.0896845817106879,-3.13005603748679
600,"validation",0.209074674701343,0.152050697140873,-0.834166419226676,-0.368737217794183,1.53747918325281
601,"training",-0.289215561273297,-0.186796546470711,0.933000599034131,0.656562015334993,-0.537364292621572
602,"pfi_holdout",-1.36209039897119,-1.55087763568543,-0.0342978946864605,-0.488232867242987,-5.47608124640077
603,"training",0.475732464824,0.466240795147527,-0.297926490195096,1.53823606477298,1.00487381973714
604,"training",-0.581537976173681,-0.512937717207874,-0.05036601703614,-0.585540433766156,-1.95868021340473
605,"validation",0.846049433213586,0.433724235139123,-0.197877197060734,-0.940626229703818,1.76739253422383
606,"validation",-0.187115626071664,0.215342674309295,0.354259494692087,-0.803578772964305,0.417030640235014
607,"validation",1.07380456937799,1.33683080496181,0.87110409559682,-1.62866005002715,3.84866044368522
608,"pfi_holdout",2.01902806712513,2.09788825454485,-0.495278791990131,-0.763137247357254,7.71525250589628
609,"training",1.36900886940649,1.40842117140556,0.0677559580653906,1.13334910456587,4.5596265548783
610,"training",2.43852982026584,2.547827028073,0.499292348511517,-0.597311252187228,6.83115403739207
611,"training",-0.265706296213986,-0.254043323583805,-0.726380399893969,1.02987784326092,-0.641906735262992
612,"validation",1.18966734861802,0.998419338003911,0.47108077025041,-1.0236625811849,3.78941055918847
613,"pfi_holdout",0.859532171451808,0.842179553880676,0.583991958294064,-0.372570447021987,3.13302509167095
614,"training",1.71465833194005,1.75681044413264,0.735349345486611,-1.94200914797951,6.83147673596803
615,"validation",0.418432112214236,0.361920482458182,-0.385238303802907,0.492556687840054,2.45801896682691
616,"training",-0.221823235538628,-0.554197003353533,-0.497125668916851,0.152148586654194,-0.296195923982771
617,"training",-0.265979841613111,0.0635009540685347,0.933575676754117,1.15326555018267,0.725711968467393
618,"training",0.944730922243952,0.943177654767993,-0.285414985846728,-0.765648864412436,2.52609281094419
619,"training",-1.6484086693834,-2.11686652314485,0.915287661831826,-1.60595534988679,-4.8479599695708
620,"validation",0.884470435322478,0.827761525277344,-0.646610578522086,-0.28797708930186,3.95006921387663
621,"pfi_holdout",0.745457387217875,0.775025934403232,0.732096318621188,0.394140108250397,2.88210209923806
622,"pfi_holdout",-1.90582421022825,-1.60204641281901,0.00114918453618884,0.604051476255983,-5.14005459714513
623,"training",0.262714645731323,0.0111030410530463,-0.792049785144627,-1.44268669790623,-0.120988742998853
624,"training",-0.470049381655119,-0.0597824489439866,-0.0039808196015656,-0.529023631340664,-3.12677772213986
625,"validation",1.74472868969861,1.72515935096992,-0.620756840799004,0.959227053024062,6.61773451574243
626,"pfi_holdout",0.333707810959225,0.465460710066141,-0.61567291803658,-0.299509082181328,0.690201566873306
627,"pfi_holdout",1.14979082362794,1.31933414537276,-0.808843351434916,1.09471413100308,4.06197731937014
628,"pfi_holdout",-0.155409603825221,0.0958434649576033,0.418361089657992,-0.216511223256182,-0.810697732845614
629,"validation",-1.65202894786241,-1.30386559598074,0.678168729878962,-0.874564873713986,-4.03137597379371
630,"pfi_holdout",0.505429376121336,0.42405850842122,-0.394960386212915,0.232616520336931,0.758367845953197
631,"training",0.288286847450571,0.000384792022138758,0.973478987812996,-0.287587772632186,2.1051648947621
632,"training",-0.280074636178531,-0.03849617950314,0.177349135745317,-0.487095441227872,-0.431358030109931
633,"pfi_holdout",0.0185198507908084,-0.0856422878886136,-0.696108645293862,-0.944032780880756,1.38379617019737
634,"validation",0.537653032061785,0.754687769220063,-0.501639803871512,-0.258088390858349,1.2326756254426
635,"training",-0.453226060476873,-0.52455222543942,0.558676563668996,-0.540919247313685,-0.580615350943936
636,"validation",0.423189665365276,0.529436455872689,0.428121156990528,-0.294625129457441,1.75433440176284
637,"training",-0.99495390307554,-0.587782095132161,0.864024364389479,-0.278379540759925,-1.76017272846063
638,"validation",-0.310302147599704,-0.315667668977066,-0.37778624612838,0.627514020591356,-0.685112577018011
639,"validation",-0.462192573439994,-0.357388058033933,0.156975835096091,-1.2706513516706,-0.962111278532095
640,"training",0.739415954709977,0.594507539209024,-0.931940971408039,-0.0171904450662116,3.26890474147311
641,"training",-0.297487770610275,-0.936699414300276,0.223715595901012,-0.188935908939435,-1.39549360125948
642,"training",-0.0680168791747214,-0.0818678765910706,0.579457211308181,1.37274806122086,0.0231401940317533
643,"pfi_holdout",0.732063788480918,0.825443795371024,0.666027271654457,0.973938592893234,2.17176253339049
644,"training",0.3528402221818,-0.0343624279952694,0.421601755078882,-0.510131358251213,1.09129364183322
645,"training",0.287059809962164,0.463212222468761,-0.682728581130505,-0.323844994500725,0.973156472193665
646,"pfi_holdout",-0.245378305089981,-0.0734212374194874,0.154528404586017,-0.315321929236605,-0.251829747370775
647,"validation",0.933495344435667,1.04907717264996,0.528756315354258,1.6030288124101,3.14302803478932
648,"training",-0.397494702338009,-0.443139264381539,-0.69114290876314,0.780105454002651,-0.176460943094837
649,"training",0.824814072414455,0.817289531178754,0.0502993995323777,-0.196163762383534,1.91551923513132
650,"validation",-0.867453162006849,-0.928443006775736,-0.284154373221099,-0.149151918253989,-3.33927618168538
651,"pfi_holdout",0.797629951658703,0.792792020695851,0.400966126937419,-1.79255177116698,2.45177689453243
652,"pfi_holdout",0.573945937730581,0.410862763729483,0.686027545016259,0.743740031562478,3.19798534524173
653,"training",-1.1353103310244,-1.20238630303863,-0.287193903233856,1.84585141187351,-4.55461960946216
654,"validation",-0.715601024929348,-0.411963728276757,-0.275828591082245,0.960018744244107,-3.66037807038218
655,"pfi_holdout",-0.608770402206721,-0.458748427920517,-0.469728392548859,-0.412431056943814,-2.39242149509144
656,"training",2.09494435574491,2.268873359265,-0.472832017112523,0.258423956900798,7.05267484562163
657,"training",0.281510894273862,0.398511159579405,-0.215327323880047,0.585837419771845,0.949435794382223
658,"training",-0.692815275775963,-0.881846579973296,0.0248340759426355,-0.503088275588217,-1.70140186939021
659,"training",1.98866706328634,1.7280670503333,0.895525172818452,-0.524053721949177,7.02388075197996
660,"validation",-0.624074874805538,-0.629150358915065,0.0234903520904481,1.9783738425817,-1.99175150988308
661,"validation",-1.02181613432544,-1.19056338375201,-0.602853151038289,0.494001656775779,-2.55397971234897
662,"training",-1.05552491889738,-1.24027330049499,-0.0216226861812174,-0.931516896021435,-2.79776120549775
663,"training",-0.873851759782966,-1.08141553902113,-0.444402672816068,-0.456886860896591,-3.34732118536096
664,"training",-0.29098530030813,-0.271091141337712,0.45418480085209,0.584887408150684,0.655881301774312
665,"pfi_holdout",-0.387454304762922,-0.132815874119498,-0.067882277071476,0.434328469876444,-0.345808676841684
666,"validation",-1.54914619334857,-1.53444201387688,0.774727353360504,-0.57517846917197,-3.30715526840524
667,"training",1.71043956051661,1.6706733198857,-0.892567448783666,-1.41481815172681,6.70265588382227
668,"pfi_holdout",0.0364912732109429,0.319505812169614,-0.456489051692188,-0.204993033323692,1.31458118400274
669,"training",0.183781307993238,-0.249475226418837,-0.801389096304774,0.0752587776545319,1.79921076241776
670,"validation",-0.0132081705236552,0.342810135192571,-0.759089034982026,-1.19827568194263,1.05318523051187
671,"validation",0.132696870776826,-0.0232942237786737,-0.357946244534105,-0.0998288349178817,0.426274524553343
672,"validation",1.23212266755691,1.56499293769714,0.261477494146675,0.359600716225332,4.54910943526862
673,"training",1.34278636958662,1.33228132282856,0.811392449773848,0.130145750936197,4.89247155803102
674,"pfi_holdout",0.873377000164693,0.967123217276217,-0.324303678236902,1.08550176045775,3.48015395022908
675,"training",-1.06497543095377,-0.927746689345045,-0.163530129473656,-1.52536661707672,-3.0951356743327
676,"pfi_holdout",-1.31365871732685,-1.79328208088745,-0.735499488655478,-0.46280151498762,-2.57349669324252
677,"training",-1.24174378266019,-1.32187780500058,-0.350199421402067,0.00889033597355061,-4.05074244773673
678,"validation",0.706823127509718,0.439735362037492,0.791230495553464,-0.0966808329438073,3.122985415907
679,"training",0.361310389444477,0.252176650102469,0.270164061803371,0.937725397718551,2.19354319459802
680,"validation",0.933972487695523,1.12795436450761,-0.683643964584917,0.455111980710909,2.91526018385481
681,"validation",-1.91816186940865,-1.25837385667448,0.436924406792969,0.491760187978584,-6.28277273434827
682,"pfi_holdout",-0.476490452979752,-0.312130353362553,-0.513483491260558,-0.406521880777069,-0.287083261084581
683,"training",2.1622951241944,2.33301439582629,0.855416226200759,-0.844187036584632,5.95145785790496
684,"training",0.202233685112446,0.451970009047771,0.706382014323026,0.142237341193594,0.976023388267473
685,"pfi_holdout",1.75759174762849,1.54432829290459,0.497767760418355,-0.973265730018791,6.03061076262048
686,"training",-0.113908418906112,-0.0849572267733332,0.980412883684039,-0.780417542929766,-0.367565283034273
687,"training",0.203840776283974,0.118102165099934,-0.186521468218416,-0.386458479197434,0.740305004588717
688,"training",0.469183512068778,0.876787864487708,-0.923995000310242,0.646291190652537,2.65617471551507
689,"pfi_holdout",-3.04009047216595,-2.9395023682095,-0.0965456329286098,-0.257555962877914,-9.42244728227597
690,"validation",-0.542424636949391,-0.401939289634281,0.762773514259607,1.38320367340096,-1.44493444117763
691,"training",-1.07257814905703,-0.779592232684607,-0.653377981856465,-0.188916066298146,-2.55950639053073
692,"validation",-1.88787510890219,-2.15910830915165,0.736540134064853,1.26794886568814,-3.97934422254603
693,"training",0.235011967568591,0.410142108338105,-0.231509952340275,-0.0385030305058722,0.867377167916538
694,"pfi_holdout",-0.601465785999573,-0.512435274126406,-0.338108202908188,1.16478453385592,-1.07035857255946
695,"training",-0.217555347714054,-0.429931949780058,0.0774247078225017,0.817232079072098,-0.272010537445996
696,"training",0.585741345557761,0.872640899412198,-0.10254052374512,1.62082667246739,2.35179512636187
697,"training",0.118251403421148,-0.106919359278679,0.544244211167097,1.40416221086654,0.550276568546672
698,"training",0.433985550354502,0.291322669614202,0.898268765304238,0.257071051659504,3.0565830045079
699,"training",-0.0747737694574357,0.45177063626296,0.0776973003521562,0.94671148591679,-0.709278076404398
700,"training",1.47205195860192,1.20090713497455,-0.489847523160279,-1.06389772357451,6.04020640368202
